<?xml version="1.0" encoding="UTF-8"?>
<faces-config
    xmlns="http://xmlns.jcp.org/xml/ns/javaee"
    xmlns:xsi="http://www.w3.org/2001/XMLSchema-instance"
    xsi:schemaLocation="http://xmlns.jcp.org/xml/ns/javaee http://xmlns.jcp.org/xml/ns/javaee/web-facesconfig_2_2.xsd"
    version="2.2">
	<managed-bean>
		<managed-bean-name>alumnoManagedBean</managed-bean-name>
		<managed-bean-class>lisandro.jsf.AlumnoManagedBean</managed-bean-class>
		<managed-bean-scope>session</managed-bean-scope>
	</managed-bean>
	
		<managed-bean>
		<managed-bean-name>listaBean</managed-bean-name>
		<managed-bean-class>lisandro.jsf.ListaBean</managed-bean-class>
		<managed-bean-scope>application</managed-bean-scope>
	</managed-bean>

	<navigation-rule>
		<from-view-id>index.xhtml</from-view-id>
		<navigation-case>
		<from-outcome>saludo</from-outcome>
		<to-view-id>Saludo.xhtml</to-view-id>
	</navigation-case>
	</navigation-rule>
</faces-config>
